{
  "impala_v3": {
    "42": {
      "steps": [
        20096,
        40192,
        60288,
        80384,
        100480,
        120576,
        140672,
        160768,
        180864
      ],
      "rewards_mean": [
        4724.622942049797,
        4724.622942049797,
        4724.622942049797,
        -609396.4690911842,
        -608883.7651163081,
        4724.622942049797,
        4724.622942049797,
        4724.622942049797,
        4724.622942049797
      ],
      "rewards_std": [
        61.663967137521055,
        61.663967137521055,
        61.663967137521055,
        79683.86293925594,
        79303.8995418829,
        61.663967137521055,
        61.663967137521055,
        61.663967137521055,
        61.663967137521055
      ],
      "wall_clock": [
        34.706260681152344,
        94.42140364646912,
        155.33900213241577,
        216.06695318222046,
        284.4477427005768,
        351.86761236190796,
        415.99750542640686,
        479.60496759414673,
        541.8726043701172
      ],
      "policy_loss": [
        -1.310720108449459e-06,
        0.002602847758680582,
        -0.11688615381717682,
        -2.8138048946857452e-05,
        0.028681419789791107,
        -0.37894192337989807,
        0.031024165451526642,
        0.08285033702850342,
        0.10401767492294312
      ],
      "value_loss": [
        14.896007537841797,
        6.269528388977051,
        22.48413848876953,
        582.78955078125,
        570.169921875,
        47.83387756347656,
        54.19294738769531,
        10.686040878295898,
        9.223554611206055
      ],
      "entropy": [
        0.023791683837771416,
        0.015714311972260475,
        0.3725856840610504,
        0.07124251872301102,
        0.10800272226333618,
        0.24198588728904724,
        0.23941554129123688,
        0.09331833571195602,
        0.15818223357200623
      ],
      "kl_approx": [
        0.0,
        5.526188760995865e-05,
        0.005558173172175884,
        1.1641532182693481e-07,
        0.00021439185366034508,
        0.04353401064872742,
        3.866665065288544e-05,
        3.427267074584961e-06,
        9.355321526527405e-05
      ],
      "total_time": 602.1955649852753,
      "final_throughput": 332.2242999330158
    }
  },
  "ppo": {
    "42": {
      "steps": [
        20224,
        40448,
        60672,
        80896,
        101120,
        121344,
        141568,
        161792,
        182016
      ],
      "rewards_mean": [
        4724.622942049797,
        4724.622942049797,
        4724.622942049797,
        4724.622942049797,
        4724.622942049797,
        4724.622942049797,
        4724.622942049797,
        4724.622942049797,
        4724.622942049797
      ],
      "rewards_std": [
        61.663967137521055,
        61.663967137521055,
        61.663967137521055,
        61.663967137521055,
        61.663967137521055,
        61.663967137521055,
        61.663967137521055,
        61.663967137521055,
        61.663967137521055
      ],
      "wall_clock": [
        61.80274176597595,
        116.54935789108276,
        171.0085370540619,
        225.17260026931763,
        279.54236793518066,
        334.0824615955353,
        387.8088421821594,
        441.49703550338745,
        495.1912217140198
      ],
      "policy_loss": [
        0.01385522005148232,
        -0.000562424655072391,
        -1.86823308467865e-06,
        1.6891863197088242e-07,
        -5.833571776747704e-07,
        -3.555323928594589e-07,
        8.323695510625839e-08,
        3.587920218706131e-07,
        6.080372259020805e-07
      ],
      "value_loss": [
        3546.268325805664,
        4325.579605102539,
        4190.638519287109,
        4165.8101806640625,
        3956.297805786133,
        4594.841125488281,
        4665.936828613281,
        4787.121246337891,
        4568.0101318359375
      ],
      "entropy": [
        0.07440197095274925,
        0.030207515927031636,
        0.019461602088995278,
        0.009507559763733298,
        0.008959050988778472,
        0.008293979277368635,
        0.008775197085924447,
        0.010259159200359136,
        0.008929717645514756
      ],
      "kl_approx": [
        0.004948993737343699,
        0.004538483452051878,
        2.199143636971712e-06,
        4.869652912020683e-07,
        4.2672036215662956e-07,
        3.557652235031128e-07,
        3.9208680391311646e-07,
        5.580950528383255e-07,
        4.1653402149677277e-07
      ],
      "total_time": 544.6539723873138,
      "final_throughput": 367.55813810101
    }
  }
}